{"cameraMode":{"drawMode":0,"name":"Shaded","section":"Shading Mode"},"sceneLighting":false,"audioPlay":false,"sceneViewState":{"m_AlwaysRefresh":false,"showFog":true,"showSkybox":false,"showFlares":true,"showImageEffects":true,"showParticleSystems":true,"showVisualEffectGraphs":true,"m_FxEnabled":true},"in2DMode":false,"pivot":{"x":-3.01639723777771,"y":1.353840947151184,"z":1.3764128684997559},"rotation":{"x":-0.0007554785115644336,"y":0.9979444146156311,"z":-0.011975903995335102,"w":-0.06295382231473923},"size":2.602792501449585,"orthographic":false}