{"cameraMode":{"drawMode":0,"name":"Shaded","section":"Shading Mode"},"sceneLighting":false,"audioPlay":false,"sceneViewState":{"m_AlwaysRefresh":true,"showFog":true,"showSkybox":true,"showFlares":true,"showImageEffects":true,"showParticleSystems":true,"showVisualEffectGraphs":true,"m_FxEnabled":true},"in2DMode":false,"pivot":{"x":-6.720102310180664,"y":3.6397008895874025,"z":2.7841033935546877},"rotation":{"x":0.054256048053503039,"y":-0.03145318478345871,"z":0.0017099466640502215,"w":0.9980315566062927},"size":8.068790435791016,"orthographic":false}